{
  "trained_at": "2025-03-16T07:00:19.297177",
  "trends_file": "data/trends_live_ward_new_key.json",
  "driver_file": "data/driver_eda_wards_new_key.json",
  "funnel_file": "data/funnel_live_ward_new_key.json",
  "best_model": "gradient_boosting",
  "random_forest": {
    "val_rmse": 0.021455975376203022,
    "val_r2": 0.9999997827994576,
    "test_rmse": 0.025755728057301565,
    "test_r2": 0.9999997225707535
  },
  "gradient_boosting": {
    "val_rmse": 0.0005384303375803663,
    "val_r2": 0.9999999998632197,
    "test_rmse": 0.0005573931283867656,
    "test_r2": 0.9999999998700645
  },
  "num_features": 47,
  "num_samples": 1440,
  "wards": [
    1,
    10,
    11,
    12,
    13,
    14,
    15,
    16,
    17,
    18,
    19,
    2,
    20,
    3,
    4,
    5,
    6,
    7,
    8,
    9
  ],
  "vehicle_types": [
    "Auto",
    "Cab",
    "Bike"
  ]
}