{
  "trained_at": "2025-03-15T16:28:24.221291",
  "trends_file": "data/trends_live_ward_new_key.json",
  "driver_file": "data/driver_eda_wards_new_key.json",
  "funnel_file": "data/funnel_live_ward_new_key.json",
  "best_model": "random_forest",
  "random_forest": {
    "val_rmse": 3.3613447516073654e-13,
    "val_r2": 1.0,
    "test_rmse": 3.5288169704351344e-13,
    "test_r2": 1.0
  },
  "gradient_boosting": {
    "val_rmse": 0.0024042286709813152,
    "val_r2": 0.9999999976663537,
    "test_rmse": 0.004302368724556368,
    "test_r2": 0.9999999930755696
  },
  "num_features": 37,
  "num_samples": 720,
  "wards": [
    170,
    171,
    172,
    173,
    174,
    175,
    176,
    177,
    178,
    179
  ],
  "vehicle_types": [
    "Auto",
    "Cab",
    "Bike"
  ]
}