{
  "trained_at": "2025-03-15T18:52:10.704952",
  "trends_file": "data/trends_live_ward_new_key.json",
  "driver_file": "data/driver_eda_wards_new_key.json",
  "funnel_file": "data/funnel_live_ward_new_key.json",
  "best_model": "gradient_boosting",
  "random_forest": {
    "val_rmse": 0.019371935479867212,
    "val_r2": 0.9999998447021714,
    "test_rmse": 0.01780777764735593,
    "test_r2": 0.9999998654580445
  },
  "gradient_boosting": {
    "val_rmse": 0.0017348374910368144,
    "val_r2": 0.9999999987545194,
    "test_rmse": 0.0017134863386093512,
    "test_r2": 0.9999999987543399
  },
  "num_features": 41,
  "num_samples": 720,
  "wards": [
    170,
    171,
    172,
    173,
    174,
    175,
    176,
    177,
    178,
    179
  ],
  "vehicle_types": [
    "Auto",
    "Cab",
    "Bike"
  ]
}